{
    "root_group": {
        "checks": {
            "status is 200": {
                "name": "status is 200",
                "path": "::status is 200",
                "id": "6210a8cd14cd70477eba5c5e4cb3fb5f",
                "passes": 258,
                "fails": 0
            },
            "Edit page loaded": {
                "name": "Edit page loaded",
                "path": "::Edit page loaded",
                "id": "48cb77437e12b52be7e428b0a9718e9f",
                "passes": 0,
                "fails": 258
            }
        },
        "name": "",
        "path": "",
        "id": "d41d8cd98f00b204e9800998ecf8427e",
        "groups": {}
    },
    "metrics": {
        "http_req_receiving": {
            "p(95)": 0.31396114999999986,
            "avg": 0.19870245348837226,
            "min": 0.068385,
            "med": 0.1940135,
            "max": 0.609794,
            "p(90)": 0.2820276
        },
        "data_received": {
            "count": 2260884,
            "rate": 110165.35057064758
        },
        "http_req_duration{expected_response:true}": {
            "avg": 758.6351704767447,
            "min": 419.997577,
            "med": 605.4538924999999,
            "max": 2147.039691,
            "p(90)": 1423.2310008000002,
            "p(95)": 1706.9469841499997
        },
        "iteration_duration": {
            "p(95)": 1707.7534723999995,
            "avg": 785.778737577519,
            "min": 481.362554,
            "med": 607.8685815,
            "max": 2147.524755,
            "p(90)": 1488.2014861
        },
        "http_req_blocked": {
            "avg": 26.32057535658913,
            "min": 0.003988,
            "med": 0.011999,
            "max": 683.636166,
            "p(90)": 0.018662900000000007,
            "p(95)": 0.029393249999999826
        },
        "http_req_sending": {
            "p(90)": 0.0651502,
            "p(95)": 0.07915589999999999,
            "avg": 0.04588815116279065,
            "min": 0.012044,
            "med": 0.0428345,
            "max": 0.248101
        },
        "http_req_failed": {
            "passes": 0,
            "fails": 258,
            "value": 0
        },
        "http_req_tls_handshaking": {
            "p(95)": 0,
            "avg": 12.291813569767442,
            "min": 0,
            "med": 0,
            "max": 321.807624,
            "p(90)": 0
        },
        "http_req_connecting": {
            "p(95)": 0,
            "avg": 13.369360403100776,
            "min": 0,
            "med": 0,
            "max": 353.094937,
            "p(90)": 0
        },
        "iterations": {
            "count": 258,
            "rate": 12.571481087586571
        },
        "vus": {
            "value": 10,
            "min": 10,
            "max": 10
        },
        "data_sent": {
            "count": 57374,
            "rate": 2795.6440151906663
        },
        "vus_max": {
            "value": 10,
            "min": 10,
            "max": 10
        },
        "checks": {
            "passes": 258,
            "fails": 258,
            "value": 0.5
        },
        "http_req_waiting": {
            "min": 419.636535,
            "med": 605.2188905,
            "max": 2146.876913,
            "p(90)": 1423.0856883000001,
            "p(95)": 1706.6722319499997,
            "avg": 758.3905798720934
        },
        "http_req_duration": {
            "p(95)": 1706.9469841499997,
            "avg": 758.6351704767447,
            "min": 419.997577,
            "med": 605.4538924999999,
            "max": 2147.039691,
            "p(90)": 1423.2310008000002
        },
        "http_reqs": {
            "count": 258,
            "rate": 12.571481087586571
        }
    }
}