{
    "root_group": {
        "groups": {},
        "checks": {
                "is status 200": {
                    "name": "is status 200",
                    "path": "::is status 200",
                    "id": "548d37ca5f33793206f7832e7cea54fb",
                    "passes": 362,
                    "fails": 0
                },
                "dashboard loaded": {
                    "fails": 0,
                    "name": "dashboard loaded",
                    "path": "::dashboard loaded",
                    "id": "05ac5474aef65cce4bd5c2ef7208d6ed",
                    "passes": 362
                }
            },
        "name": "",
        "path": "",
        "id": "d41d8cd98f00b204e9800998ecf8427e"
    },
    "metrics": {
        "http_req_blocked": {
            "med": 0.0134665,
            "max": 647.975919,
            "p(90)": 0.021301400000000005,
            "p(95)": 0.0326662,
            "avg": 17.259841204419896,
            "min": 0.003761
        },
        "data_sent": {
            "rate": 3475.684700401991,
            "count": 71042
        },
        "http_req_duration{expected_response:true}": {
            "avg": 541.1766273508288,
            "min": 455.506756,
            "med": 516.1757594999999,
            "max": 1108.872376,
            "p(90)": 640.0058595000002,
            "p(95)": 679.287748
        },
        "http_req_waiting": {
            "p(95)": 679.04625275,
            "avg": 540.874196356354,
            "min": 455.315476,
            "med": 515.90503,
            "max": 1108.474395,
            "p(90)": 639.3586120000001
        },
        "http_reqs": {
            "count": 362,
            "rate": 17.7106199367349
        },
        "http_req_duration": {
            "p(95)": 679.287748,
            "avg": 541.1766273508288,
            "min": 455.506756,
            "med": 516.1757594999999,
            "max": 1108.872376,
            "p(90)": 640.0058595000002
        },
        "vus": {
            "value": 10,
            "min": 10,
            "max": 10
        },
        "http_req_tls_handshaking": {
            "avg": 8.779919955801105,
            "min": 0,
            "med": 0,
            "max": 342.507847,
            "p(90)": 0,
            "p(95)": 0
        },
        "http_req_receiving": {
            "min": 0.066074,
            "med": 0.219502,
            "max": 0.901025,
            "p(90)": 0.39601920000000007,
            "p(95)": 0.46467604999999995,
            "avg": 0.2506847099447515
        },
        "iterations": {
            "count": 362,
            "rate": 17.7106199367349
        },
        "vus_max": {
            "min": 10,
            "max": 10,
            "value": 10
        },
        "http_req_connecting": {
            "p(95)": 0,
            "avg": 7.700161312154698,
            "min": 0,
            "med": 0,
            "max": 285.76879,
            "p(90)": 0
        },
        "http_req_sending": {
            "p(90)": 0.07160880000000008,
            "p(95)": 0.08909355,
            "avg": 0.051746284530386696,
            "min": 0.011982,
            "med": 0.046490000000000004,
            "max": 0.314902
        },
        "checks": {
            "fails": 0,
            "passes": 724,
            "value": 1
        },
        "http_req_failed": {
            "fails": 362,
            "passes": 0,
            "value": 0
        },
        "data_received": {
            "count": 3030318,
            "rate": 148256.3822802393
        },
        "iteration_duration": {
            "p(95)": 694.4335785499998,
            "avg": 558.9419204889501,
            "min": 455.86723,
            "med": 516.6495574999999,
            "max": 1757.778995,
            "p(90)": 641.4072328999999
        }
    }
}