{
    "root_group": {
        "name": "",
        "path": "",
        "id": "d41d8cd98f00b204e9800998ecf8427e",
        "groups": {},
        "checks": {
                "is status 200 or 201": {
                    "fails": 0,
                    "name": "is status 200 or 201",
                    "path": "::is status 200 or 201",
                    "id": "07d21466f6978571536aab975425b2d6",
                    "passes": 344
                },
                "employee added": {
                    "passes": 344,
                    "fails": 0,
                    "name": "employee added",
                    "path": "::employee added",
                    "id": "1c13dfb1ee369c4bd5e806bccf48c505"
                }
            }
    },
    "metrics": {
        "iterations": {
            "count": 344,
            "rate": 16.72794352357262
        },
        "http_req_duration{expected_response:true}": {
            "min": 381.333904,
            "med": 563.3855145,
            "max": 943.422744,
            "p(90)": 634.7636210999999,
            "p(95)": 658.486522,
            "avg": 572.367974851744
        },
        "http_req_waiting": {
            "p(90)": 634.4405698,
            "p(95)": 658.2428252,
            "avg": 572.089692526163,
            "min": 381.070198,
            "med": 563.159535,
            "max": 942.928946
        },
        "data_sent": {
            "count": 108286,
            "rate": 5265.703756958095
        },
        "http_req_sending": {
            "max": 0.904106,
            "p(90)": 0.09127869999999999,
            "p(95)": 0.10642049999999999,
            "avg": 0.06364108139534888,
            "min": 0.014553,
            "med": 0.0592045
        },
        "http_req_failed": {
            "passes": 0,
            "fails": 344,
            "value": 0
        },
        "data_received": {
            "count": 575732,
            "rate": 27996.54761835323
        },
        "http_reqs": {
            "count": 344,
            "rate": 16.72794352357262
        },
        "http_req_duration": {
            "p(95)": 658.486522,
            "avg": 572.367974851744,
            "min": 381.333904,
            "med": 563.3855145,
            "max": 943.422744,
            "p(90)": 634.7636210999999
        },
        "vus": {
            "value": 10,
            "min": 10,
            "max": 10
        },
        "iteration_duration": {
            "min": 381.877327,
            "med": 564.6579235,
            "max": 1548.980526,
            "p(90)": 636.7779752,
            "p(95)": 674.01129835,
            "avg": 590.499732764534
        },
        "vus_max": {
            "max": 10,
            "value": 10,
            "min": 10
        },
        "http_req_tls_handshaking": {
            "avg": 9.09857093895349,
            "min": 0,
            "med": 0,
            "max": 329.762875,
            "p(90)": 0,
            "p(95)": 0
        },
        "http_req_receiving": {
            "p(90)": 0.32192499999999996,
            "p(95)": 0.4182599999999998,
            "avg": 0.2146412441860466,
            "min": 0.060852,
            "med": 0.19674599999999998,
            "max": 1.172226
        },
        "http_req_blocked": {
            "min": 0.003463,
            "med": 0.013063499999999999,
            "max": 623.454016,
            "p(90)": 0.021401299999999998,
            "p(95)": 0.036896749999999826,
            "avg": 17.648510424418635
        },
        "checks": {
            "passes": 688,
            "fails": 0,
            "value": 1
        },
        "http_req_connecting": {
            "p(95)": 0,
            "avg": 8.123459694767442,
            "min": 0,
            "med": 0,
            "max": 287.887223,
            "p(90)": 0
        }
    }
}